id,first_name,last_name,email,gender
1,Art,McCart,amccart0@nationalgeographic.com,Male
2,Sharona,Barrack,sbarrack1@hp.com,Female
3,Salem,Maciaszek,smaciaszek2@boston.com,Male
4,Maynard,Pretious,mpretious3@sohu.com,Male
5,Otes,Thunderchief,othunderchief4@linkedin.com,Male
6,Linnet,Gall,lgall5@bizjournals.com,Female
7,Oran,Benduhn,obenduhn6@twitter.com,Male
8,Alonzo,Proven,aproven7@odnoklassniki.ru,Male
9,Grethel,Baline,gbaline8@ning.com,Female
10,Mart,Loads,mloads9@opera.com,Male
11,Jessica,Giacobo,jgiacoboa@bbc.co.uk,Female
12,Bertrand,Glaze,bglazeb@japanpost.jp,Male
13,Kissee,Farloe,kfarloec@unicef.org,Female
14,Casey,Doddrell,cdoddrelld@ftc.gov,Female
15,Keri,Holby,kholbye@dailymail.co.uk,Female
16,Aeriell,Farady,afaradyf@cnbc.com,Female
17,Weider,Goodricke,wgoodrickeg@tmall.com,Male
18,Audrey,Priestland,apriestlandh@eepurl.com,Female
19,Molly,Style,mstylei@sitemeter.com,Genderfluid
20,Jarrid,Oscroft,joscroftj@clickbank.net,Male
21,Hugibert,Boch,hbochk@toplist.cz,Male
22,Georgetta,Stelfox,gstelfoxl@chron.com,Female
23,Marijo,Windridge,mwindridgem@usa.gov,Female
24,Moria,Bilfoot,mbilfootn@ft.com,Female
25,Marlyn,Matt,mmatto@angelfire.com,Female
26,Barbe,Clausen,bclausenp@washington.edu,Female
27,Murray,Peacey,mpeaceyq@reddit.com,Male
28,Mallory,Athelstan,mathelstanr@google.co.jp,Male
29,Jervis,Kipling,jkiplings@behance.net,Male
30,Callie,Wantling,cwantlingt@wikispaces.com,Female
31,Braden,O'Beirne,bobeirneu@issuu.com,Male
32,Orsola,Patek,opatekv@hibu.com,Polygender
33,Jemmy,Stive,jstivew@google.com.hk,Female
34,Booth,Briton,bbritonx@omniture.com,Bigender
35,Valentino,Float,vfloaty@posterous.com,Male
36,Diandra,Zecchii,dzecchiiz@nationalgeographic.com,Genderfluid
37,Barbey,Jedryka,bjedryka10@home.pl,Female
38,Urbanus,Corsor,ucorsor11@imageshack.us,Male
39,Almeria,Dymond,adymond12@desdev.cn,Female
40,Elston,Allard,eallard13@samsung.com,Male
41,Ardyth,Pavinese,apavinese14@cloudflare.com,Female
42,Livia,Fowgies,lfowgies15@woothemes.com,Female
43,Shadow,Neve,sneve16@php.net,Male
44,Cammy,Westpfel,cwestpfel17@issuu.com,Female
45,Lillian,Jerson,ljerson18@loc.gov,Female
46,Beverlee,Logue,blogue19@jimdo.com,Bigender
47,Bryanty,Perillo,bperillo1a@home.pl,Male
48,Gilbert,McGahy,gmcgahy1b@elpais.com,Male
49,Adoree,Kille,akille1c@un.org,Genderfluid
50,Kale,Moakson,kmoakson1d@google.cn,Male
51,Court,Ranner,cranner1e@cyberchimps.com,Male
52,Angel,Lambird,alambird1f@tripod.com,Female
53,Tamra,Plewman,tplewman1g@ameblo.jp,Female
54,Conny,Plaster,cplaster1h@answers.com,Genderfluid
55,Pauli,Bloomfield,pbloomfield1i@nytimes.com,Female
56,Barth,Quinell,bquinell1j@nasa.gov,Agender
57,Duffie,Coghlin,dcoghlin1k@canalblog.com,Male
58,Erhart,Yakunikov,eyakunikov1l@networkadvertising.org,Male
59,Peter,Satteford,psatteford1m@squarespace.com,Male
60,Ginny,Caplin,gcaplin1n@nifty.com,Female
61,Cristi,Milkins,cmilkins1o@fc2.com,Female
62,Nolie,Quidenham,nquidenham1p@youtube.com,Female
63,Esme,Del Monte,edelmonte1q@about.com,Male
64,Wilmer,Bowmer,wbowmer1r@last.fm,Bigender
65,Dianemarie,Danslow,ddanslow1s@mashable.com,Female
66,Nicolea,Insoll,ninsoll1t@discovery.com,Female
67,Osborne,Kerin,okerin1u@storify.com,Male
68,Laurel,Grunguer,lgrunguer1v@elegantthemes.com,Female
69,Analise,Duiged,aduiged1w@wisc.edu,Non-binary
70,Junette,Haseldine,jhaseldine1x@jiathis.com,Female
71,Gary,Macallam,gmacallam1y@bbb.org,Male
72,Gerianna,Wilbraham,gwilbraham1z@arizona.edu,Non-binary
73,Flor,Lathwell,flathwell20@yelp.com,Female
74,Hedwig,Woakes,hwoakes21@ustream.tv,Female
75,Sanders,Smithies,ssmithies22@ocn.ne.jp,Agender
76,Teddi,Rossetti,trossetti23@a8.net,Female
77,Harmony,Boucher,hboucher24@wunderground.com,Female
78,Mavis,Orwin,morwin25@theglobeandmail.com,Female
79,Asher,Blunn,ablunn26@google.com.au,Male
80,Trista,Bakes,tbakes27@delicious.com,Female
81,Bria,Yanson,byanson28@phoca.cz,Female
82,Dew,Narup,dnarup29@springer.com,Male
83,Jonas,Dreinan,jdreinan2a@google.co.jp,Male
84,Eleen,Ducker,educker2b@bing.com,Female
85,Allissa,Kilfoyle,akilfoyle2c@ed.gov,Female
86,Sonya,Fairpo,sfairpo2d@stumbleupon.com,Female
87,Patrice,Symson,psymson2e@exblog.jp,Female
88,Bunni,Killigrew,bkilligrew2f@vk.com,Female
89,Leena,Habbert,lhabbert2g@bandcamp.com,Female
90,Cassie,Shillabear,cshillabear2h@shareasale.com,Male
91,Prentice,Egentan,pegentan2i@wp.com,Male
92,Janie,Kiendl,jkiendl2j@networksolutions.com,Genderqueer
93,Hilton,Harcourt,hharcourt2k@cnet.com,Male
94,Devland,Abrahmovici,dabrahmovici2l@pagesperso-orange.fr,Male
95,Brier,Watkin,bwatkin2m@japanpost.jp,Female
96,Guinevere,Adelberg,gadelberg2n@marketwatch.com,Female
97,Effie,Wilkerson,ewilkerson2o@hc360.com,Female
98,Gretal,Batistelli,gbatistelli2p@google.com,Female
99,Karlik,Pimblott,kpimblott2q@unblog.fr,Male
100,Elnore,Bockett,ebockett2r@plala.or.jp,Female
101,Barr,Geistmann,bgeistmann2s@networkadvertising.org,Male
102,Edan,Stoffersen,estoffersen2t@webs.com,Male
103,Tori,Binstead,tbinstead2u@epa.gov,Female
104,Chev,Woodvine,cwoodvine2v@reddit.com,Male
105,Zilvia,Sturges,zsturges2w@google.de,Female
106,Alia,Bolver,abolver2x@springer.com,Female
107,Bessy,Tue,btue2y@state.tx.us,Female
108,Rourke,Wint,rwint2z@amazon.com,Male
109,Kendrick,Cantwell,kcantwell30@wiley.com,Male
110,Doti,Piatkowski,dpiatkowski31@ox.ac.uk,Agender
111,Glenine,Stonbridge,gstonbridge32@answers.com,Bigender
112,Paulina,Crocumbe,pcrocumbe33@devhub.com,Female
113,Israel,Rowney,irowney34@qq.com,Male
114,Duffy,Atthowe,datthowe35@g.co,Male
115,Shell,Starling,sstarling36@macromedia.com,Male
116,Welch,Dockwra,wdockwra37@livejournal.com,Male
117,Chantalle,Laidler,claidler38@sciencedirect.com,Female
118,Brynna,Quiddinton,bquiddinton39@amazonaws.com,Genderqueer
119,Alvin,Goodlud,agoodlud3a@who.int,Bigender
120,Kimble,Gepheart,kgepheart3b@google.it,Male
121,Hamilton,Jaffrey,hjaffrey3c@quantcast.com,Male
122,Lita,Hullah,lhullah3d@sphinn.com,Female
123,Walker,Halls,whalls3e@ycombinator.com,Male
124,Kendra,Kamen,kkamen3f@apple.com,Agender
125,Fleur,Yurchenko,fyurchenko3g@buzzfeed.com,Female
126,Clayton,Hance,chance3h@hc360.com,Male
127,Elisabeth,Rastrick,erastrick3i@ucoz.com,Genderfluid
128,Mendy,Penney,mpenney3j@angelfire.com,Male
129,Levy,Fronsek,lfronsek3k@about.me,Male
130,Dimitri,Kaminski,dkaminski3l@squarespace.com,Male
131,Whitney,McElwee,wmcelwee3m@delicious.com,Male
132,Tori,Laker,tlaker3n@edublogs.org,Female
133,Justina,Cossington,jcossington3o@sciencedaily.com,Female
134,Ingar,Mathewes,imathewes3p@harvard.edu,Male
135,Sibelle,Bortoli,sbortoli3q@utexas.edu,Female
136,Ruprecht,Suddards,rsuddards3r@com.com,Male
137,Byrle,Python,bpython3s@toplist.cz,Male
138,Caz,Andreia,candreia3t@ebay.co.uk,Male
139,Sashenka,Readie,sreadie3u@google.ru,Female
140,Marji,Rene,mrene3v@cargocollective.com,Female
141,Faythe,Ianiello,fianiello3w@skype.com,Female
142,Jo,Ruegg,jruegg3x@omniture.com,Male
143,Bethena,Roly,broly3y@comsenz.com,Female
144,Hayden,Anespie,hanespie3z@instagram.com,Male
145,Marion,Stiegers,mstiegers40@slashdot.org,Male
146,Tibold,Chadwick,tchadwick41@youtu.be,Male
147,Blondell,Stafford,bstafford42@narod.ru,Female
148,Gareth,Foulser,gfoulser43@networksolutions.com,Male
149,Bliss,Colnett,bcolnett44@goodreads.com,Female
150,Bessie,Coverlyn,bcoverlyn45@discuz.net,Female
151,Cosimo,Mould,cmould46@thetimes.co.uk,Male
152,Leshia,Kerr,lkerr47@ning.com,Female
153,Eleni,Jerrand,ejerrand48@bloomberg.com,Female
154,Patrice,Bridge,pbridge49@utexas.edu,Genderfluid
155,Agata,Talmadge,atalmadge4a@simplemachines.org,Female
156,Rosalia,Bowkett,rbowkett4b@youtube.com,Female
157,Rudolfo,Bouts,rbouts4c@friendfeed.com,Male
158,Jarid,MacKey,jmackey4d@eventbrite.com,Male
159,Wernher,Holliar,wholliar4e@vimeo.com,Male
160,Adi,Fedder,afedder4f@webmd.com,Female
161,Vasily,Blanko,vblanko4g@hatena.ne.jp,Male
162,Donal,Blasio,dblasio4h@nba.com,Male
163,Caleb,Gracey,cgracey4i@bloglines.com,Male
164,Bernadene,Guenther,bguenther4j@geocities.jp,Female
165,Libby,Alishoner,lalishoner4k@paypal.com,Female
166,Rebe,Whimper,rwhimper4l@geocities.jp,Female
167,Harv,Severs,hsevers4m@washington.edu,Male
168,Grantley,Nottle,gnottle4n@sakura.ne.jp,Male
169,Witty,Muncaster,wmuncaster4o@amazon.co.uk,Male
170,Cchaddie,Seczyk,cseczyk4p@whitehouse.gov,Male
171,Hazel,Adlard,hadlard4q@odnoklassniki.ru,Male
172,Ottilie,Hurley,ohurley4r@cam.ac.uk,Female
173,Marlee,Claye,mclaye4s@ca.gov,Genderfluid
174,Stacy,Hamnett,shamnett4t@sakura.ne.jp,Male
175,Emlynn,Gayforth,egayforth4u@examiner.com,Female
176,Carlina,Curtin,ccurtin4v@yellowpages.com,Non-binary
177,Parnell,Domesday,pdomesday4w@newyorker.com,Male
178,Hedvige,Dye,hdye4x@simplemachines.org,Female
179,Maxy,Borkin,mborkin4y@google.co.jp,Male
180,Reinwald,Clery,rclery4z@hud.gov,Male
181,Stu,Chesterman,schesterman50@tinyurl.com,Agender
182,Priscella,Duguid,pduguid51@wisc.edu,Female
183,Marni,Cribbin,mcribbin52@ihg.com,Female
184,Kalila,Gealy,kgealy53@army.mil,Female
185,Merci,McGilroy,mmcgilroy54@sohu.com,Female
186,Artemas,Matthisson,amatthisson55@slate.com,Male
187,Weston,Como,wcomo56@slideshare.net,Male
188,Armstrong,Normanville,anormanville57@soup.io,Male
189,Cord,Duce,cduce58@cnn.com,Male
190,Colby,Broomer,cbroomer59@omniture.com,Male
191,Charley,Cosgry,ccosgry5a@goo.ne.jp,Male
192,Flore,Nuss,fnuss5b@blinklist.com,Female
193,Magdalen,Banker,mbanker5c@diigo.com,Female
194,Pauly,Eykel,peykel5d@biblegateway.com,Male
195,Sybille,Sor,ssor5e@ezinearticles.com,Female
196,Joni,Racher,jracher5f@dailymotion.com,Female
197,Sauncho,Blanko,sblanko5g@ovh.net,Male
198,Holmes,Pickance,hpickance5h@fc2.com,Male
199,Orella,Chomicz,ochomicz5i@wiley.com,Female
200,Tania,Gorman,tgorman5j@wix.com,Female
201,Winny,Worrall,wworrall5k@shareasale.com,Male
202,Ly,Oxford,loxford5l@chron.com,Male
203,Fawn,MacEvilly,fmacevilly5m@scribd.com,Female
204,Margaretta,Piercy,mpiercy5n@wordpress.org,Female
205,Hertha,McGrouther,hmcgrouther5o@huffingtonpost.com,Female
206,Melantha,Penhalurick,mpenhalurick5p@youku.com,Genderfluid
207,Margarita,Gerrill,mgerrill5q@go.com,Bigender
208,Kiri,Lorroway,klorroway5r@newsvine.com,Female
209,L;urette,Quarton,lquarton5s@hp.com,Female
210,Guillemette,Simonetto,gsimonetto5t@soundcloud.com,Female
211,Frannie,Keating,fkeating5u@behance.net,Male
212,Fredek,Shilton,fshilton5v@hhs.gov,Male
213,Blane,Payton,bpayton5w@bloglines.com,Male
214,Perla,Glentworth,pglentworth5x@fema.gov,Female
215,Shirley,Ohanessian,sohanessian5y@narod.ru,Female
216,Lira,O'Canavan,locanavan5z@reuters.com,Female
217,Grethel,Casaroli,gcasaroli60@tiny.cc,Female
218,Coriss,Petford,cpetford61@state.gov,Female
219,Robin,Du Fray,rdufray62@addthis.com,Female
220,Kimbra,Gilardi,kgilardi63@facebook.com,Female
221,Levey,Osanne,losanne64@last.fm,Male
222,Latrena,Squelch,lsquelch65@hp.com,Female
223,Dorena,Erie,derie66@ftc.gov,Female
224,Abigail,Caile,acaile67@gizmodo.com,Female
225,Glynn,Boyack,gboyack68@lycos.com,Agender
226,Carlynne,Kidman,ckidman69@g.co,Female
227,Jarrad,Wrigglesworth,jwrigglesworth6a@mail.ru,Male
228,Karl,Kitchinghan,kkitchinghan6b@un.org,Male
229,Jobie,Labbey,jlabbey6c@cam.ac.uk,Female
230,Sim,Burmingham,sburmingham6d@google.pl,Bigender
231,Tamas,Immer,timmer6e@google.pl,Male
232,Karla,Brobyn,kbrobyn6f@mac.com,Female
233,Anica,Howick,ahowick6g@shutterfly.com,Bigender
234,Gothart,Mariault,gmariault6h@cbslocal.com,Male
235,Peter,Brankley,pbrankley6i@altervista.org,Male
236,Roddie,Welberry,rwelberry6j@ow.ly,Male
237,Candice,Brogan,cbrogan6k@gov.uk,Female
238,Martie,Losbie,mlosbie6l@altervista.org,Female
239,Joeann,Ferentz,jferentz6m@1688.com,Female
240,Martainn,Jedrzej,mjedrzej6n@reuters.com,Male
241,Alexander,Guilaem,aguilaem6o@prweb.com,Male
242,Gabriel,Caff,gcaff6p@devhub.com,Male
243,Pietrek,Barnshaw,pbarnshaw6q@mtv.com,Male
244,Tull,Utterson,tutterson6r@xing.com,Male
245,Ranice,Winchurch,rwinchurch6s@wikimedia.org,Female
246,Valentino,Curwood,vcurwood6t@histats.com,Male
247,Daniela,Muckley,dmuckley6u@kickstarter.com,Female
248,Simmonds,Barcroft,sbarcroft6v@businessweek.com,Male
249,Lisette,Abys,labys6w@wsj.com,Female
250,Alden,Lincey,alincey6x@wikimedia.org,Male
251,Welsh,Sollam,wsollam6y@yale.edu,Male
252,Julius,Thurlow,jthurlow6z@dmoz.org,Male
253,Farrell,Honack,fhonack70@artisteer.com,Male
254,Werner,Dowsett,wdowsett71@marketwatch.com,Male
255,Tilly,Ambroziak,tambroziak72@vkontakte.ru,Female
256,Chaddie,Musicka,cmusicka73@ftc.gov,Male
257,Dulsea,Stranahan,dstranahan74@altervista.org,Female
258,Gladi,Lynds,glynds75@tumblr.com,Female
259,Hans,Banham,hbanham76@amazonaws.com,Male
260,Colman,Fayter,cfayter77@google.es,Bigender
261,Shaylyn,Apfler,sapfler78@friendfeed.com,Female
262,Janna,Brighouse,jbrighouse79@cbc.ca,Female
263,Gerladina,Renihan,grenihan7a@independent.co.uk,Female
264,Mahalia,McHarry,mmcharry7b@ocn.ne.jp,Female
265,Franky,Beart,fbeart7c@dion.ne.jp,Male
266,Wilfrid,Giroldo,wgiroldo7d@51.la,Male
267,Yance,Huckfield,yhuckfield7e@taobao.com,Male
268,Alden,Dadge,adadge7f@webnode.com,Agender
269,Shurwood,Lecky,slecky7g@biglobe.ne.jp,Male
270,Stacee,Bonnor,sbonnor7h@bloglovin.com,Female
271,Selena,Chapelle,schapelle7i@cocolog-nifty.com,Female
272,Nil,Colloff,ncolloff7j@sbwire.com,Male
273,Patrick,Doughtery,pdoughtery7k@craigslist.org,Male
274,Frasco,Blackhurst,fblackhurst7l@theguardian.com,Male
275,Glenn,Tills,gtills7m@xinhuanet.com,Male
276,Gloriana,Blockley,gblockley7n@so-net.ne.jp,Female
277,Florina,Grundle,fgrundle7o@accuweather.com,Polygender
278,Daile,Angel,dangel7p@mlb.com,Female
279,Ardra,Goldspink,agoldspink7q@thetimes.co.uk,Female
280,Brigg,Keir,bkeir7r@meetup.com,Male
281,Hyatt,Gaynes,hgaynes7s@bigcartel.com,Male
282,Sigvard,Rigge,srigge7t@last.fm,Male
283,Judi,Rosenblatt,jrosenblatt7u@icio.us,Female
284,Portia,Davidou,pdavidou7v@list-manage.com,Female
285,Ellery,O'Dee,eodee7w@clickbank.net,Male
286,Dallis,Drache,ddrache7x@google.ca,Male
287,Orella,O'Conor,ooconor7y@bizjournals.com,Female
288,Rossy,Fudge,rfudge7z@is.gd,Male
289,Tamiko,Craydon,tcraydon80@bandcamp.com,Female
290,Reinald,Suart,rsuart81@disqus.com,Male
291,Elena,Ginnane,eginnane82@amazon.com,Female
292,Jessie,Carrodus,jcarrodus83@foxnews.com,Male
293,Benedetta,Olczyk,bolczyk84@google.es,Female
294,Adrien,Whitaker,awhitaker85@google.co.jp,Male
295,Georges,Agius,gagius86@last.fm,Male
296,Maiga,Riches,mriches87@imgur.com,Female
297,Dedra,Somers,dsomers88@vkontakte.ru,Female
298,Dorthy,Pierrepoint,dpierrepoint89@mail.ru,Female
299,Kerri,Aberdeen,kaberdeen8a@free.fr,Female
300,Greg,Willcox,gwillcox8b@domainmarket.com,Non-binary
301,Phylis,Errington,perrington8c@fema.gov,Female
302,Conny,Bettleson,cbettleson8d@github.io,Female
303,Sampson,Hirjak,shirjak8e@hhs.gov,Male
304,Marcellina,Fricker,mfricker8f@unblog.fr,Female
305,Larry,Chinnick,lchinnick8g@nhs.uk,Male
306,Alexander,Gligoraci,agligoraci8h@vkontakte.ru,Genderfluid
307,Mylo,Bratcher,mbratcher8i@mashable.com,Male
308,Jocelin,Sprull,jsprull8j@mapquest.com,Female
309,Dawna,Weathers,dweathers8k@businesswire.com,Female
310,Gayelord,Forgan,gforgan8l@quantcast.com,Male
311,Franklin,MacVaugh,fmacvaugh8m@weather.com,Male
312,Lydie,Hartridge,lhartridge8n@japanpost.jp,Female
313,Madeleine,Rust,mrust8o@princeton.edu,Female
314,Agnese,Gallardo,agallardo8p@miitbeian.gov.cn,Female
315,Grazia,Krzyzowski,gkrzyzowski8q@google.fr,Female
316,Merrilee,Obray,mobray8r@unblog.fr,Female
317,Maren,Posselt,mposselt8s@dion.ne.jp,Female
318,Lanette,Roderigo,lroderigo8t@soup.io,Female
319,Godfry,Shoesmith,gshoesmith8u@opera.com,Male
320,Minor,Denekamp,mdenekamp8v@51.la,Male
321,Mada,Widocks,mwidocks8w@blogs.com,Female
322,Douglas,Skryne,dskryne8x@qq.com,Male
323,Pancho,Rupert,prupert8y@networksolutions.com,Male
324,Ludovika,Loughhead,lloughhead8z@washington.edu,Female
325,Alexandrina,Thorald,athorald90@canalblog.com,Female
326,Thorstein,Rawood,trawood91@51.la,Male
327,Alick,Kobierra,akobierra92@miitbeian.gov.cn,Male
328,Osborn,Legerwood,olegerwood93@weibo.com,Male
329,Baily,Rawood,brawood94@census.gov,Male
330,Parnell,Stimson,pstimson95@newsvine.com,Male
331,Ase,Redihalgh,aredihalgh96@smh.com.au,Male
332,Rana,Breznovic,rbreznovic97@yahoo.com,Female
333,Kara-lynn,Domoni,kdomoni98@prweb.com,Female
334,Kelwin,Drohan,kdrohan99@cnbc.com,Male
335,Archaimbaud,Durston,adurston9a@nhs.uk,Genderqueer
336,Noell,Jellard,njellard9b@about.com,Female
337,Adiana,De Normanville,adenormanville9c@1und1.de,Female
338,Georg,Staining,gstaining9d@ebay.co.uk,Male
339,Lorant,Murley,lmurley9e@zimbio.com,Male
340,Ripley,Spitaro,rspitaro9f@telegraph.co.uk,Male
341,Tomasine,Niessen,tniessen9g@live.com,Female
342,Kinna,Clark,kclark9h@creativecommons.org,Female
343,Mavra,Rawcliff,mrawcliff9i@state.gov,Female
344,Meade,Mingaye,mmingaye9j@china.com.cn,Agender
345,Alena,Forde,aforde9k@phoca.cz,Female
346,Rubie,Macy,rmacy9l@jugem.jp,Female
347,Tucky,Murford,tmurford9m@liveinternet.ru,Male
348,Irma,Gillott,igillott9n@microsoft.com,Female
349,Catherin,Howgill,chowgill9o@linkedin.com,Female
350,Charity,Summerhayes,csummerhayes9p@pagesperso-orange.fr,Female
351,Torie,Yeardley,tyeardley9q@macromedia.com,Female
352,Ben,Heyworth,bheyworth9r@nyu.edu,Genderfluid
353,Reyna,Medgewick,rmedgewick9s@people.com.cn,Female
354,Alvis,Cowpertwait,acowpertwait9t@adobe.com,Male
355,Debora,Huleatt,dhuleatt9u@microsoft.com,Female
356,Grata,Prior,gprior9v@vk.com,Female
357,Brett,Gurnee,bgurnee9w@cnbc.com,Female
358,Aguistin,McSaul,amcsaul9x@reverbnation.com,Male
359,Raimundo,Vearncomb,rvearncomb9y@csmonitor.com,Male
360,Trumann,Linklet,tlinklet9z@cisco.com,Male
361,Ber,Swan,bswana0@eepurl.com,Male
362,Noe,McGlaud,nmcglauda1@symantec.com,Male
363,Kassi,Blench,kblencha2@washington.edu,Female
364,Bryce,Warhurst,bwarhursta3@slate.com,Male
365,Blane,Fahrenbacher,bfahrenbachera4@technorati.com,Male
366,Isidor,Povey,ipoveya5@infoseek.co.jp,Polygender
367,Burt,Oliveras,boliverasa6@wikipedia.org,Male
368,Marcie,Yurtsev,myurtseva7@mashable.com,Female
369,Alys,Pennicott,apennicotta8@soup.io,Female
370,Savina,Lant,slanta9@cocolog-nifty.com,Female
371,Godiva,McLean,gmcleanaa@noaa.gov,Female
372,Waldon,Turk,wturkab@dagondesign.com,Genderqueer
373,Kyrstin,Attreed,kattreedac@bluehost.com,Female
374,Eba,Rome,eromead@utexas.edu,Female
375,Renaud,Stanwix,rstanwixae@drupal.org,Male
376,Alison,Livingstone,alivingstoneaf@github.com,Female
377,Roosevelt,Lanning,rlanningag@t-online.de,Male
378,Lulu,Mostin,lmostinah@chronoengine.com,Female
379,Kass,Leemans,kleemansai@squidoo.com,Female
380,Ezequiel,Franciskiewicz,efranciskiewiczaj@bigcartel.com,Male
381,Reece,Mattiassi,rmattiassiak@printfriendly.com,Male
382,Yvon,Dowrey,ydowreyal@weebly.com,Male
383,Lovell,Foynes,lfoynesam@arstechnica.com,Polygender
384,Sherm,Wincer,swinceran@slate.com,Male
385,Lammond,Peacher,lpeacherao@issuu.com,Male
386,Abran,Wheatland,awheatlandap@creativecommons.org,Male
387,Rea,Craxford,rcraxfordaq@symantec.com,Female
388,Olympia,Box,oboxar@ovh.net,Female
389,Sashenka,Pally,spallyas@dagondesign.com,Female
390,Elisabet,Geffe,egeffeat@army.mil,Female
391,Zacharias,Binfield,zbinfieldau@yellowpages.com,Male
392,Ilise,Foxwell,ifoxwellav@hibu.com,Female
393,Tessy,Mogenot,tmogenotaw@constantcontact.com,Female
394,Dyanna,Daintry,ddaintryax@ezinearticles.com,Female
395,Arie,Wormald,awormalday@mozilla.org,Male
396,Tod,Khilkov,tkhilkovaz@virginia.edu,Bigender
397,Mehetabel,O'Murtagh,momurtaghb0@bloomberg.com,Female
398,Jilleen,Bustard,jbustardb1@cocolog-nifty.com,Female
399,Domini,Caswell,dcaswellb2@msn.com,Female
400,Hailee,Carbert,hcarbertb3@amazon.de,Female
401,Delmer,Hancke,dhanckeb4@a8.net,Male
402,Tamas,Moreby,tmorebyb5@multiply.com,Male
403,Sophia,Gockelen,sgockelenb6@constantcontact.com,Female
404,Rosemaria,Elstob,relstobb7@cmu.edu,Female
405,Cindee,Konert,ckonertb8@google.ru,Female
406,Edin,Grzegorczyk,egrzegorczykb9@hatena.ne.jp,Female
407,Tedda,Kirkwood,tkirkwoodba@bbc.co.uk,Female
408,Dedie,Dufoure,ddufourebb@twitpic.com,Female
409,Loise,Ervine,lervinebc@salon.com,Female
410,Hobie,Ackwood,hackwoodbd@artisteer.com,Male
411,Pepito,Munday,pmundaybe@telegraph.co.uk,Male
412,Allx,Jankovsky,ajankovskybf@e-recht24.de,Female
413,Shermy,Drinkall,sdrinkallbg@ehow.com,Male
414,Kassie,Hargreves,khargrevesbh@posterous.com,Female
415,Chico,Bisseker,cbissekerbi@blinklist.com,Male
416,Melodee,Williamson,mwilliamsonbj@bloomberg.com,Female
417,Lefty,McGahern,lmcgahernbk@live.com,Male
418,Sergio,Hurdwell,shurdwellbl@google.co.jp,Male
419,Deloris,Kehri,dkehribm@biglobe.ne.jp,Female
420,Obediah,McJerrow,omcjerrowbn@cmu.edu,Male
421,Beckie,Bushrod,bbushrodbo@cyberchimps.com,Female
422,Philbert,Deason,pdeasonbp@feedburner.com,Male
423,Clevey,Wesley,cwesleybq@webmd.com,Male
424,Renado,Stanlack,rstanlackbr@woothemes.com,Male
425,Gery,Vasechkin,gvasechkinbs@360.cn,Male
426,Alden,Pamment,apammentbt@cdc.gov,Male
427,Steve,Chasmoor,schasmoorbu@sbwire.com,Genderqueer
428,Violetta,Rudsdale,vrudsdalebv@comcast.net,Female
429,Hasty,Luis,hluisbw@ustream.tv,Male
430,Bill,Laweles,blawelesbx@yahoo.co.jp,Non-binary
431,Gerrilee,Mawford,gmawfordby@mtv.com,Female
432,Astrix,Gregorin,agregorinbz@state.gov,Female
433,Malachi,Blakey,mblakeyc0@google.fr,Male
434,Anny,Bernth,abernthc1@jalbum.net,Female
435,Koren,Halfpenny,khalfpennyc2@github.io,Female
436,Clemmy,Russon,crussonc3@yolasite.com,Female
437,Ellwood,Fender,efenderc4@blogtalkradio.com,Male
438,Ingar,Russe,irussec5@deviantart.com,Male
439,Chariot,Pashen,cpashenc6@wordpress.org,Male
440,Dalis,Bremen,dbremenc7@ocn.ne.jp,Polygender
441,Lynn,Wincom,lwincomc8@privacy.gov.au,Male
442,Clywd,Sidon,csidonc9@apache.org,Male
443,Emilee,Carress,ecarressca@bloglovin.com,Female
444,Blythe,Claffey,bclaffeycb@opera.com,Female
445,Romeo,Worsnip,rworsnipcc@bizjournals.com,Genderfluid
446,Melody,Slyme,mslymecd@rambler.ru,Female
447,Patricio,Halsall,phalsallce@cocolog-nifty.com,Genderfluid
448,Cherise,Wyldes,cwyldescf@spotify.com,Female
449,Sheilah,Rizzo,srizzocg@addthis.com,Female
450,Ryun,Wackly,rwacklych@creativecommons.org,Genderqueer
451,Winthrop,Pettisall,wpettisallci@gov.uk,Male
452,Nikita,Barnaby,nbarnabycj@ebay.co.uk,Bigender
453,Lyndsay,O'Driscoll,lodriscollck@deliciousdays.com,Female
454,Gayel,Eustace,geustacecl@pinterest.com,Female
455,Imogene,Cockshott,icockshottcm@dmoz.org,Female
456,Saunder,Bonas,sbonascn@cbslocal.com,Male
457,Tania,Casley,tcasleyco@goo.gl,Female
458,Vere,Ciccarelli,vciccarellicp@sitemeter.com,Female
459,Geraldine,Jennick,gjennickcq@princeton.edu,Female
460,Creight,Duffie,cduffiecr@arstechnica.com,Male
461,Darn,Januszkiewicz,djanuszkiewiczcs@plala.or.jp,Male
462,Nonah,Thor,nthorct@wufoo.com,Genderfluid
463,Gardner,Mahaddie,gmahaddiecu@joomla.org,Male
464,Kerrill,Tanby,ktanbycv@t.co,Female
465,Bord,Eggleston,begglestoncw@huffingtonpost.com,Male
466,Ag,Tracey,atraceycx@npr.org,Female
467,Therine,Westney,twestneycy@howstuffworks.com,Female
468,Ganny,Parren,gparrencz@loc.gov,Male
469,Freida,Grindall,fgrindalld0@comcast.net,Female
470,Bethena,Huzzey,bhuzzeyd1@businessinsider.com,Female
471,Betty,Methven,bmethvend2@yelp.com,Female
472,Celisse,Sucre,csucred3@biglobe.ne.jp,Female
473,Estele,Liddicoat,eliddicoatd4@who.int,Female
474,Baldwin,Jennery,bjenneryd5@wikipedia.org,Male
475,Margaretta,Hartzogs,mhartzogsd6@sakura.ne.jp,Female
476,Lennard,Skidmore,lskidmored7@jiathis.com,Male
477,Benedetta,Chapelhow,bchapelhowd8@skyrock.com,Female
478,Tiffanie,Gatecliff,tgatecliffd9@rakuten.co.jp,Polygender
479,Ermanno,Fosh,efoshda@behance.net,Male
480,Buddie,Stigell,bstigelldb@amazon.co.jp,Male
481,Vasily,Jouandet,vjouandetdc@360.cn,Male
482,Nichole,Manvelle,nmanvelledd@archive.org,Female
483,Violette,Titmarsh,vtitmarshde@blogtalkradio.com,Female
484,Brittney,Brownsill,bbrownsilldf@huffingtonpost.com,Female
485,Erin,Spuner,espunerdg@nih.gov,Male
486,Pierrette,Hellis,phellisdh@about.me,Female
487,Nyssa,Merredy,nmerredydi@utexas.edu,Female
488,Penni,Penson,ppensondj@kickstarter.com,Female
489,Immanuel,Le Pruvost,ilepruvostdk@exblog.jp,Male
490,Terra,Skirrow,tskirrowdl@shop-pro.jp,Female
491,Matthew,Doey,mdoeydm@weebly.com,Male
492,Rory,Lerego,rleregodn@amazon.de,Female
493,Ingrim,Shortan,ishortando@rakuten.co.jp,Male
494,Reggie,de Copeman,rdecopemandp@imgur.com,Male
495,Emlen,Grolmann,egrolmanndq@comcast.net,Male
496,Gayle,Pichmann,gpichmanndr@themeforest.net,Male
497,Fraze,O' Mullane,fomullaneds@telegraph.co.uk,Male
498,Jerrilyn,Habbes,jhabbesdt@ft.com,Female
499,Zacharie,Mitkcov,zmitkcovdu@newyorker.com,Male
500,Thorin,Cunliffe,tcunliffedv@ameblo.jp,Male
501,Augusto,Raikes,araikesdw@flavors.me,Agender
502,Shelba,Bassingham,sbassinghamdx@unicef.org,Female
503,Shalom,Biddlecombe,sbiddlecombedy@cbsnews.com,Male
504,Layla,Mattheus,lmattheusdz@techcrunch.com,Female
505,Ricoriki,Gerb,rgerbe0@jimdo.com,Male
506,Florie,Quittonden,fquittondene1@lycos.com,Genderfluid
507,William,David,wdavide2@creativecommons.org,Male
508,Rosalind,Andrioletti,randriolettie3@aol.com,Female
509,Court,Stoate,cstoatee4@dot.gov,Male
510,Averil,Papworth,apapworthe5@smugmug.com,Female
511,Bebe,Aspling,basplinge6@jugem.jp,Female
512,Nikolaos,Lindegard,nlindegarde7@goo.ne.jp,Bigender
513,Frasquito,Lickess,flickesse8@flickr.com,Male
514,Shaylah,Milligan,smilligane9@blogspot.com,Female
515,Eva,Rozalski,erozalskiea@ed.gov,Female
516,Louis,Vedstra,lvedstraeb@jugem.jp,Male
517,Brandea,Casoni,bcasoniec@wikimedia.org,Non-binary
518,Brigitta,Sirl,bsirled@scientificamerican.com,Female
519,Magdalen,Fitzsymonds,mfitzsymondsee@istockphoto.com,Female
520,Bartholemy,Chavez,bchavezef@guardian.co.uk,Male
521,Arlana,Mandy,amandyeg@mtv.com,Female
522,Adora,Muzzollo,amuzzolloeh@nyu.edu,Female
523,Tobey,Meffen,tmeffenei@skype.com,Female
524,Caria,Kinchley,ckinchleyej@nasa.gov,Female
525,Kinna,Monnelly,kmonnellyek@facebook.com,Female
526,Darsey,Barcke,dbarckeel@squarespace.com,Female
527,Miguel,Widdicombe,mwiddicombeem@google.fr,Male
528,Welsh,Kynett,wkynetten@elpais.com,Male
529,Falkner,McPake,fmcpakeeo@icio.us,Male
530,Aura,Dockree,adockreeep@smugmug.com,Female
531,Ted,Georgiev,tgeorgieveq@sciencedaily.com,Female
532,Agneta,Pash,apasher@tinyurl.com,Female
533,Aluin,Randell,arandelles@ucsd.edu,Male
534,Alyssa,Behnen,abehnenet@huffingtonpost.com,Female
535,Lauren,Currum,lcurrumeu@stumbleupon.com,Male
536,Phineas,Downer,pdownerev@japanpost.jp,Male
537,Cristina,Spaughton,cspaughtonew@cpanel.net,Female
538,Clare,Beentjes,cbeentjesex@bloglines.com,Male
539,Rayshell,Ferruzzi,rferruzziey@issuu.com,Female
540,Kara,Gabey,kgabeyez@smugmug.com,Female
541,Bryn,Rhoddie,brhoddief0@foxnews.com,Female
542,Wilie,Trimby,wtrimbyf1@unblog.fr,Female
543,Findlay,Hebden,fhebdenf2@printfriendly.com,Polygender
544,Cleveland,Spohrmann,cspohrmannf3@microsoft.com,Male
545,Gail,Pyrah,gpyrahf4@bbc.co.uk,Male
546,Bradley,Elstow,belstowf5@canalblog.com,Male
547,Pip,Greser,pgreserf6@nasa.gov,Male
548,Sonya,Burman,sburmanf7@nifty.com,Female
549,Seth,Skaife,sskaifef8@reference.com,Male
550,Barret,Isakson,bisaksonf9@stanford.edu,Male
551,Becki,Marwood,bmarwoodfa@dailymotion.com,Female
552,Brit,Mugglestone,bmugglestonefb@bing.com,Male
553,Felice,Fairebrother,ffairebrotherfc@icio.us,Female
554,Karlie,Coram,kcoramfd@yahoo.co.jp,Female
555,Dorothy,Pearmain,dpearmainfe@nih.gov,Female
556,Puff,Haskew,phaskewff@nps.gov,Male
557,Agata,Artrick,aartrickfg@ed.gov,Female
558,Manny,Jouanot,mjouanotfh@jiathis.com,Male
559,Gun,Rothery,grotheryfi@sina.com.cn,Male
560,Calley,Kelleway,ckellewayfj@europa.eu,Female
561,Harriet,Bitterton,hbittertonfk@etsy.com,Female
562,Melvyn,Worsall,mworsallfl@bbc.co.uk,Male
563,Sofie,Bellhouse,sbellhousefm@github.com,Female
564,Risa,Loades,rloadesfn@cargocollective.com,Female
565,Karlie,Classen,kclassenfo@yale.edu,Female
566,Teddie,Swetland,tswetlandfp@seattletimes.com,Male
567,Noak,Vettore,nvettorefq@ow.ly,Male
568,Joannes,Litterick,jlitterickfr@jiathis.com,Female
569,Fraze,Tocher,ftocherfs@jalbum.net,Male
570,Alaric,Darville,adarvilleft@goodreads.com,Male
571,Jannel,Cannop,jcannopfu@uol.com.br,Agender
572,Silvana,Haine,shainefv@hexun.com,Female
573,Keven,Keirl,kkeirlfw@cam.ac.uk,Male
574,Kendra,Dimnage,kdimnagefx@theguardian.com,Female
575,Lexi,Cauldwell,lcauldwellfy@ovh.net,Female
576,Vance,Hiddy,vhiddyfz@icio.us,Male
577,Annetta,Yitzhak,ayitzhakg0@rambler.ru,Female
578,Lynn,Cockle,lcockleg1@cam.ac.uk,Female
579,Camellia,Mottram,cmottramg2@nationalgeographic.com,Female
580,Celene,Matura,cmaturag3@live.com,Female
581,Hollis,Votier,hvotierg4@java.com,Male
582,Trixie,Truin,ttruing5@jugem.jp,Female
583,Trevar,Lory,tloryg6@istockphoto.com,Male
584,Adaline,Babonau,ababonaug7@1und1.de,Female
585,Hamlin,Kamena,hkamenag8@clickbank.net,Male
586,Meyer,Ridge,mridgeg9@cnet.com,Male
587,Nancie,Chapier,nchapierga@xrea.com,Female
588,Tris,Skill,tskillgb@skyrock.com,Male
589,Adel,Barkes,abarkesgc@dyndns.org,Female
590,Shane,Mulbry,smulbrygd@boston.com,Female
591,Cornelius,Morican,cmoricange@dot.gov,Male
592,Willy,Prigmore,wprigmoregf@cbslocal.com,Female
593,Danna,Dourin,ddouringg@ustream.tv,Female
594,Nahum,Du Barry,ndubarrygh@google.com.br,Male
595,Bree,Malsher,bmalshergi@unesco.org,Female
596,Glen,Berns,gbernsgj@amazon.com,Male
597,Sully,Simnor,ssimnorgk@apache.org,Male
598,Deni,Hadaway,dhadawaygl@1und1.de,Female
599,Pearle,Cisneros,pcisnerosgm@theglobeandmail.com,Female
600,Godfree,Tilney,gtilneygn@zimbio.com,Male
601,Matthew,Dewhirst,mdewhirstgo@redcross.org,Agender
602,Lyda,Weatherall,lweatherallgp@exblog.jp,Female
603,Helge,Sprason,hsprasongq@youku.com,Female
604,Barnard,Casina,bcasinagr@imageshack.us,Male
605,Anabella,Nutty,anuttygs@apache.org,Female
606,Nata,Tembridge,ntembridgegt@nytimes.com,Female
607,Deeanne,Cherry,dcherrygu@zimbio.com,Female
608,Nate,Fleury,nfleurygv@sogou.com,Male
609,Randall,Amberger,rambergergw@fastcompany.com,Male
610,Carlynn,Martinet,cmartinetgx@dot.gov,Female
611,Nesta,Biskupiak,nbiskupiakgy@technorati.com,Female
612,Kalina,Perrett,kperrettgz@yolasite.com,Female
613,Vanya,Bissill,vbissillh0@bbb.org,Genderfluid
614,Chloris,Gruby,cgrubyh1@wikispaces.com,Female
615,Tamqrah,Hamfleet,thamfleeth2@amazon.co.uk,Female
616,Dominica,Dunn,ddunnh3@paypal.com,Female
617,Teresita,Imesson,timessonh4@typepad.com,Female
618,Idaline,Brugger,ibruggerh5@census.gov,Female
619,Joby,Antonat,jantonath6@live.com,Female
620,Geri,MacKeague,gmackeagueh7@house.gov,Female
621,Gennie,Whitty,gwhittyh8@posterous.com,Female
622,Roselin,Tait,rtaith9@cdc.gov,Female
623,Cindra,Leavens,cleavensha@economist.com,Female
624,Brodie,Brizland,bbrizlandhb@nature.com,Male
625,Casi,Aguilar,caguilarhc@va.gov,Female
626,Bronny,Klimpke,bklimpkehd@nsw.gov.au,Male
627,Guilbert,Swinnerton,gswinnertonhe@issuu.com,Male
628,Jeanie,Fullilove,jfullilovehf@storify.com,Female
629,Roderich,Cribbins,rcribbinshg@bizjournals.com,Male
630,Viki,Jarlmann,vjarlmannhh@reddit.com,Female
631,Lemuel,Aizikovich,laizikovichhi@e-recht24.de,Male
632,Jefferey,Cordier,jcordierhj@comcast.net,Male
633,Laurice,Truett,ltruetthk@over-blog.com,Female
634,Clo,Moralee,cmoraleehl@bloglines.com,Female
635,Neron,Bilbrooke,nbilbrookehm@cornell.edu,Male
636,Lonnie,Swiffan,lswiffanhn@live.com,Agender
637,Darb,Coulsen,dcoulsenho@360.cn,Male
638,Piggy,Brigden,pbrigdenhp@stanford.edu,Male
639,Yves,McMeeking,ymcmeekinghq@posterous.com,Male
640,Teador,Covelle,tcovellehr@edublogs.org,Male
641,Yasmeen,Olenikov,yolenikovhs@storify.com,Female
642,Herman,Benezeit,hbenezeitht@seattletimes.com,Bigender
643,Phyllis,Dingsdale,pdingsdalehu@google.com,Female
644,Madalena,Roots,mrootshv@instagram.com,Female
645,Shirlee,Skerritt,sskerritthw@examiner.com,Female
646,Alessandro,Sparrowhawk,asparrowhawkhx@is.gd,Male
647,Lotta,Maude,lmaudehy@google.co.uk,Female
648,Sarah,Rustidge,srustidgehz@engadget.com,Female
649,Kirby,Burgne,kburgnei0@prnewswire.com,Male
650,Tressa,Lendon,tlendoni1@miitbeian.gov.cn,Female
651,Albie,State,astatei2@kickstarter.com,Male
652,Melvin,O'Hanley,mohanleyi3@cargocollective.com,Male
653,Gunter,Feighry,gfeighryi4@hp.com,Male
654,Sigismund,Regenhardt,sregenhardti5@constantcontact.com,Male
655,Irvine,Pietz,ipietzi6@google.com.hk,Male
656,Toiboid,Goodbody,tgoodbodyi7@cafepress.com,Polygender
657,Mortie,Lared,mlaredi8@pen.io,Male
658,Mechelle,Knibley,mknibleyi9@netvibes.com,Female
659,Enrico,Dykes,edykesia@archive.org,Male
660,Homerus,Olivie,holivieib@drupal.org,Male
661,Errol,Ochterlony,eochterlonyic@microsoft.com,Male
662,Delly,Kings,dkingsid@homestead.com,Female
663,Rosy,Kieran,rkieranie@odnoklassniki.ru,Female
664,Margalo,Nussgen,mnussgenif@indiatimes.com,Female
665,Robinet,Irving,rirvingig@cbc.ca,Male
666,Hedy,Dzenisenka,hdzenisenkaih@deviantart.com,Female
667,Caddric,Delacroux,cdelacrouxii@google.nl,Male
668,Dmitri,Sircombe,dsircombeij@thetimes.co.uk,Male
669,Clarance,Lilleyman,clilleymanik@globo.com,Male
670,Darcy,Stockey,dstockeyil@freewebs.com,Male
671,Woodman,Songist,wsongistim@ifeng.com,Male
672,Colet,Antoniottii,cantoniottiiin@imdb.com,Male
673,Tana,McIlvaney,tmcilvaneyio@home.pl,Female
674,Falito,Clorley,fclorleyip@cafepress.com,Male
675,Malorie,Corkhill,mcorkhilliq@exblog.jp,Female
676,Alley,Corroyer,acorroyerir@acquirethisname.com,Male
677,Tommy,Deport,tdeportis@delicious.com,Male
678,Chick,Bernardos,cbernardosit@surveymonkey.com,Male
679,Clayborne,Beaby,cbeabyiu@auda.org.au,Male
680,Roosevelt,Scrivin,rscriviniv@newsvine.com,Male
681,Jacenta,Galiford,jgalifordiw@wired.com,Female
682,Melanie,Collumbine,mcollumbineix@state.gov,Female
683,Wash,Gadesby,wgadesbyiy@illinois.edu,Male
684,Lucina,Wickie,lwickieiz@mozilla.org,Genderqueer
685,Wendie,Ugoni,wugonij0@java.com,Female
686,Ardis,Jansson,ajanssonj1@elpais.com,Female
687,Nikos,Wordington,nwordingtonj2@google.co.jp,Male
688,Orv,Munro,omunroj3@pagesperso-orange.fr,Male
689,Aurora,Baysting,abaystingj4@about.com,Female
690,Murielle,Frisdick,mfrisdickj5@intel.com,Non-binary
691,Cob,Beardwood,cbeardwoodj6@blinklist.com,Male
692,Murial,Maskelyne,mmaskelynej7@google.fr,Female
693,Flossy,Leil,fleilj8@nature.com,Female
694,Davidson,Bosche,dboschej9@slashdot.org,Male
695,Noll,Gooden,ngoodenja@netscape.com,Male
696,Tiffani,Jermin,tjerminjb@linkedin.com,Female
697,Shay,Fulks,sfulksjc@linkedin.com,Agender
698,Jamal,Batterton,jbattertonjd@soup.io,Male
699,Legra,Alberti,lalbertije@merriam-webster.com,Female
700,Beatrice,Elbourne,belbournejf@biblegateway.com,Non-binary
701,Mason,Langston,mlangstonjg@fastcompany.com,Male
702,Adelbert,Scudder,ascudderjh@arizona.edu,Male
703,Lazarus,Bruhnsen,lbruhnsenji@fema.gov,Male
704,Hurleigh,Winear,hwinearjj@intel.com,Male
705,Micaela,Finnis,mfinnisjk@zimbio.com,Female
706,Ephrayim,Ranshaw,eranshawjl@cbc.ca,Polygender
707,Marchelle,Claus,mclausjm@meetup.com,Female
708,Loise,Peoples,lpeoplesjn@addthis.com,Female
709,Jonathon,Astle,jastlejo@gov.uk,Male
710,Robbie,Bingle,rbinglejp@ebay.co.uk,Bigender
711,Claudine,Hayer,chayerjq@mayoclinic.com,Female
712,Henri,Jikovsky,hjikovskyjr@europa.eu,Male
713,Meta,Kersey,mkerseyjs@infoseek.co.jp,Bigender
714,Anett,Gossling,agosslingjt@csmonitor.com,Female
715,Frazer,Standley,fstandleyju@qq.com,Male
716,Herta,Souter,hsouterjv@creativecommons.org,Female
717,Benedicta,Lorrie,blorriejw@gnu.org,Female
718,Celka,Ropcke,cropckejx@artisteer.com,Female
719,Mercy,Burness,mburnessjy@google.nl,Female
720,Clarinda,Diggin,cdigginjz@elpais.com,Female
721,Albertine,Blaiklock,ablaiklockk0@bloomberg.com,Female
722,Carlin,Robison,crobisonk1@hubpages.com,Male
723,Felice,Culy,fculyk2@aboutads.info,Female
724,Mickey,Riche,mrichek3@ameblo.jp,Male
725,Gardener,Worsall,gworsallk4@adobe.com,Male
726,Myrtice,Londing,mlondingk5@huffingtonpost.com,Female
727,Tamiko,McCorkell,tmccorkellk6@phpbb.com,Female
728,Asa,Corney,acorneyk7@nationalgeographic.com,Male
729,Bonny,Dufer,bduferk8@weebly.com,Female
730,Mikol,De Freyne,mdefreynek9@cocolog-nifty.com,Male
731,Kevyn,Cuddy,kcuddyka@jalbum.net,Female
732,Ellyn,Conklin,econklinkb@npr.org,Female
733,Nil,Ratray,nratraykc@senate.gov,Male
734,Lindy,Steptow,lsteptowkd@google.pl,Female
735,Gerri,Flindall,gflindallke@163.com,Male
736,Ber,Potts,bpottskf@dropbox.com,Male
737,Rivalee,Masding,rmasdingkg@uiuc.edu,Genderfluid
738,Sigismund,Metts,smettskh@bigcartel.com,Male
739,Drucill,Hartin,dhartinki@rambler.ru,Female
740,Rahel,Kernaghan,rkernaghankj@forbes.com,Female
741,Kevin,Eddleston,keddlestonkk@amazonaws.com,Genderfluid
742,Elston,Nutbean,enutbeankl@icio.us,Male
743,Christos,Aubray,caubraykm@istockphoto.com,Male
744,Moria,Cockrem,mcockremkn@cornell.edu,Female
745,Elvera,Moorton,emoortonko@xinhuanet.com,Female
746,Alwyn,Castiello,acastiellokp@time.com,Male
747,Sharl,Twigger,stwiggerkq@diigo.com,Female
748,Karia,Sergean,ksergeankr@networkadvertising.org,Female
749,Gabe,Grabban,ggrabbanks@un.org,Male
750,Westley,Tottie,wtottiekt@irs.gov,Male
751,Nelly,Hinsch,nhinschku@rakuten.co.jp,Female
752,Star,Murty,smurtykv@nyu.edu,Female
753,Mattie,Verney,mverneykw@narod.ru,Polygender
754,Joycelin,Dallimare,jdallimarekx@lulu.com,Non-binary
755,Sascha,Heaker,sheakerky@yolasite.com,Male
756,Concettina,Reuven,creuvenkz@a8.net,Female
757,Roman,Sheircliffe,rsheircliffel0@vk.com,Male
758,Mattias,Bisiker,mbisikerl1@deliciousdays.com,Male
759,Brandice,Nobles,bnoblesl2@epa.gov,Female
760,Elyse,Walder,ewalderl3@yahoo.com,Female
761,Olag,Smullen,osmullenl4@bbc.co.uk,Male
762,Sigfrid,Lanktree,slanktreel5@miitbeian.gov.cn,Male
763,Giorgi,Krauss,gkraussl6@washingtonpost.com,Male
764,Godart,Langeren,glangerenl7@goo.ne.jp,Genderfluid
765,Ranique,Ogus,rogusl8@github.io,Female
766,Milton,Masi,mmasil9@github.com,Male
767,Steve,Allder,sallderla@intel.com,Male
768,Che,Fairebrother,cfairebrotherlb@marketwatch.com,Male
769,Carlen,Woollcott,cwoollcottlc@rakuten.co.jp,Female
770,Garvey,Satchell,gsatchellld@dell.com,Male
771,Elmo,Matton,emattonle@biblegateway.com,Male
772,Bone,Tunnadine,btunnadinelf@domainmarket.com,Male
773,Ingamar,Smedmoor,ismedmoorlg@adobe.com,Male
774,Alethea,DeSousa,adesousalh@va.gov,Female
775,Damara,Scambler,dscamblerli@exblog.jp,Non-binary
776,Sky,Gianetti,sgianettilj@hatena.ne.jp,Male
777,Eva,Puden,epudenlk@reverbnation.com,Female
778,Oliver,Kohrsen,okohrsenll@alexa.com,Male
779,Edna,Jermyn,ejermynlm@altervista.org,Female
780,Sancho,Staley,sstaleyln@topsy.com,Male
781,Patty,Raubheim,praubheimlo@opensource.org,Female
782,Robina,Fortey,rforteylp@icq.com,Female
783,Bernice,Southwell,bsouthwelllq@vk.com,Female
784,Jasmine,Azema,jazemalr@infoseek.co.jp,Female
785,Charlot,Bastide,cbastidels@google.com.au,Female
786,Dame,Meir,dmeirlt@ocn.ne.jp,Male
787,Christabel,Donisthorpe,cdonisthorpelu@ycombinator.com,Female
788,Janos,Vaudrey,jvaudreylv@domainmarket.com,Male
789,Hew,Branscombe,hbranscombelw@icq.com,Male
790,Thane,Mattheeuw,tmattheeuwlx@nymag.com,Male
791,Etheline,Nigh,enighly@plala.or.jp,Polygender
792,Roze,Coupe,rcoupelz@hugedomains.com,Genderqueer
793,Margo,Dellenbroker,mdellenbrokerm0@icq.com,Female
794,Ross,Maudsley,rmaudsleym1@craigslist.org,Male
795,Kingsly,Aujean,kaujeanm2@dropbox.com,Male
796,Aylmer,McKibbin,amckibbinm3@histats.com,Male
797,Tootsie,Truckell,ttruckellm4@last.fm,Female
798,Kriste,Dimic,kdimicm5@dmoz.org,Female
799,Ozzie,Collinette,ocollinettem6@taobao.com,Polygender
800,Niel,Karchowski,nkarchowskim7@berkeley.edu,Male
801,Desi,Hatley,dhatleym8@yellowpages.com,Male
802,Yardley,Eddisforth,yeddisforthm9@sakura.ne.jp,Male
803,Lukas,Ratnege,lratnegema@howstuffworks.com,Male
804,Leon,Haugen,lhaugenmb@smugmug.com,Male
805,Stephanus,Stone Fewings,sstonefewingsmc@digg.com,Male
806,Pam,Halse,phalsemd@china.com.cn,Female
807,Lacee,Havick,lhavickme@bing.com,Non-binary
808,Bridget,Teligin,bteliginmf@geocities.com,Female
809,Gauthier,Orme,gormemg@vk.com,Male
810,Lyman,Grouse,lgrousemh@soundcloud.com,Male
811,Lisle,Archbald,larchbaldmi@clickbank.net,Male
812,Johnathan,Bernardoux,jbernardouxmj@senate.gov,Male
813,Mara,Mucklestone,mmucklestonemk@nps.gov,Female
814,Nataline,Hynd,nhyndml@arizona.edu,Female
815,Adiana,Maraga,amaragamm@drupal.org,Female
816,Leonard,Sedgefield,lsedgefieldmn@cpanel.net,Male
817,Aubrie,Hanhard,ahanhardmo@reverbnation.com,Female
818,Raynell,Murden,rmurdenmp@nps.gov,Female
819,Alvinia,Rannells,arannellsmq@topsy.com,Female
820,Neysa,Flarity,nflaritymr@weather.com,Female
821,Stearne,Kettley,skettleyms@wiley.com,Male
822,Charmane,Limmer,climmermt@nih.gov,Female
823,Horatia,Flode,hflodemu@mapquest.com,Female
824,Lorianne,Spittle,lspittlemv@amazonaws.com,Female
825,Janeczka,Chatfield,jchatfieldmw@army.mil,Female
826,Roch,Wallhead,rwallheadmx@vinaora.com,Female
827,Isabella,O'Flannery,ioflannerymy@ucla.edu,Female
828,Garland,Colqueran,gcolqueranmz@wikimedia.org,Female
829,Jolynn,Bedle,jbedlen0@aboutads.info,Female
830,Natty,Saurin,nsaurinn1@g.co,Female
831,Patty,Hawthorne,phawthornen2@nhs.uk,Male
832,Shelton,Linne,slinnen3@usda.gov,Male
833,Cross,Daelman,cdaelmann4@cornell.edu,Male
834,Alicea,Effemy,aeffemyn5@army.mil,Female
835,Sallee,Makiver,smakivern6@eepurl.com,Female
836,Ruddie,Breffitt,rbreffittn7@tumblr.com,Male
837,Josselyn,Swigger,jswiggern8@businesswire.com,Female
838,Jud,Coldicott,jcoldicottn9@statcounter.com,Male
839,Storm,Tockell,stockellna@elegantthemes.com,Female
840,Gwenora,Erlam,gerlamnb@privacy.gov.au,Agender
841,Cory,Hawton,chawtonnc@ftc.gov,Male
842,Woodie,Count,wcountnd@linkedin.com,Male
843,Sutherlan,Barkhouse,sbarkhousene@bigcartel.com,Male
844,Agnella,Haycraft,ahaycraftnf@trellian.com,Female
845,Becka,Zannotelli,bzannotelling@scribd.com,Female
846,Myriam,Innocenti,minnocentinh@mysql.com,Female
847,Salvatore,MacGee,smacgeeni@vimeo.com,Male
848,Averill,Tremblay,atremblaynj@economist.com,Male
849,Hedwiga,Izatt,hizattnk@statcounter.com,Female
850,Gus,Cadogan,gcadogannl@plala.or.jp,Female
851,Chaim,Malpas,cmalpasnm@plala.or.jp,Agender
852,Karl,Garroch,kgarrochnn@reference.com,Male
853,Letty,Gotobed,lgotobedno@princeton.edu,Female
854,Lucky,Rakestraw,lrakestrawnp@ted.com,Female
855,Storm,Hakonsson,shakonssonnq@webs.com,Female
856,Car,Rubrow,crubrownr@slideshare.net,Polygender
857,Bowie,Phibb,bphibbns@youku.com,Male
858,Rahal,Tingcomb,rtingcombnt@livejournal.com,Female
859,Kania,Melrose,kmelrosenu@dyndns.org,Female
860,Justen,Burnard,jburnardnv@facebook.com,Male
861,Taddeo,Tolefree,ttolefreenw@yolasite.com,Male
862,Natassia,Bentley,nbentleynx@mapy.cz,Female
863,Emlyn,Anglish,eanglishny@clickbank.net,Male
864,Almeda,Kuschel,akuschelnz@tinypic.com,Female
865,Dory,Goodlet,dgoodleto0@aboutads.info,Male
866,Sam,McMeekin,smcmeekino1@springer.com,Female
867,Melania,Jillis,mjilliso2@businesswire.com,Female
868,Mellisa,Coop,mcoopo3@1688.com,Female
869,Clemmie,Bracknall,cbracknallo4@mit.edu,Male
870,Otho,Jobb,ojobbo5@ning.com,Male
871,Kittie,Dignan,kdignano6@webeden.co.uk,Female
872,Trstram,Carnelley,tcarnelleyo7@cisco.com,Male
873,Eliza,Moreside,emoresideo8@amazon.co.jp,Female
874,Saunders,Bellay,sbellayo9@indiatimes.com,Non-binary
875,Catharine,Bemrose,cbemroseoa@ucoz.ru,Female
876,Austin,MacPike,amacpikeob@salon.com,Female
877,Gregorio,Blaschek,gblaschekoc@marketwatch.com,Male
878,Louis,Castan,lcastanod@abc.net.au,Male
879,Stephanus,Gallaccio,sgallacciooe@delicious.com,Male
880,Elyssa,Eborall,eeborallof@ebay.co.uk,Female
881,Gusty,Jeandeau,gjeandeauog@nationalgeographic.com,Female
882,Cherilynn,Harnott,charnottoh@hc360.com,Genderfluid
883,Viviyan,Dach,vdachoi@amazon.de,Female
884,Maggee,Guyton,mguytonoj@icq.com,Female
885,Jerrie,Winchurch,jwinchurchok@chron.com,Male
886,Fernando,Nornable,fnornableol@seattletimes.com,Male
887,Larisa,Kwiek,lkwiekom@flickr.com,Female
888,Wrennie,Stirgess,wstirgesson@mayoclinic.com,Female
889,Fanni,Turfs,fturfsoo@is.gd,Female
890,Camille,Iglesia,ciglesiaop@com.com,Female
891,Beatrix,MacCorkell,bmaccorkelloq@cnet.com,Female
892,Tann,Murrhardt,tmurrhardtor@domainmarket.com,Male
893,Nanni,Khomishin,nkhomishinos@blogger.com,Female
894,Molli,Scruby,mscrubyot@adobe.com,Female
895,Edlin,Pankettman,epankettmanou@illinois.edu,Male
896,Thorstein,Bartocci,tbartocciov@wufoo.com,Male
897,Burnard,Arington,baringtonow@jugem.jp,Male
898,Lorri,Lanaway,llanawayox@mayoclinic.com,Female
899,Berk,Scollard,bscollardoy@latimes.com,Male
900,Ellis,Gimber,egimberoz@liveinternet.ru,Male
901,Gardiner,Bolderstone,gbolderstonep0@weibo.com,Male
902,Morry,Diglin,mdiglinp1@bluehost.com,Male
903,Rosalia,Clitsome,rclitsomep2@discuz.net,Female
904,Lura,Gebb,lgebbp3@fema.gov,Female
905,Selle,MacKenny,smackennyp4@wisc.edu,Bigender
906,Adaline,Liddon,aliddonp5@imdb.com,Female
907,Ileana,Banker,ibankerp6@washington.edu,Female
908,Calypso,Walkington,cwalkingtonp7@bigcartel.com,Polygender
909,Margalit,Wix,mwixp8@tripadvisor.com,Female
910,Jenine,Dingley,jdingleyp9@admin.ch,Female
911,Toma,Doyle,tdoylepa@1und1.de,Female
912,Carce,Renney,crenneypb@oracle.com,Male
913,Karlik,Maisey,kmaiseypc@ifeng.com,Male
914,Aldric,Cussins,acussinspd@cnbc.com,Male
915,Allyn,Yitshak,ayitshakpe@sina.com.cn,Male
916,Maisey,Rodolfi,mrodolfipf@hp.com,Female
917,Gilles,Deaton,gdeatonpg@acquirethisname.com,Non-binary
918,Gaylord,Dummer,gdummerph@amazon.de,Male
919,Conni,Klyn,cklynpi@icio.us,Polygender
920,Georgena,Chittey,gchitteypj@umn.edu,Bigender
921,Nanny,Plastow,nplastowpk@purevolume.com,Female
922,Athene,Jakoubek,ajakoubekpl@hud.gov,Female
923,Stacee,Garside,sgarsidepm@webeden.co.uk,Female
924,Abbie,McCandie,amccandiepn@infoseek.co.jp,Bigender
925,Rudyard,McGrowther,rmcgrowtherpo@guardian.co.uk,Male
926,Thomas,Croxford,tcroxfordpp@spiegel.de,Genderqueer
927,Rosalie,O'Carmody,rocarmodypq@sogou.com,Female
928,Erminie,Connochie,econnochiepr@abc.net.au,Female
929,Farrand,Newling,fnewlingps@lulu.com,Female
930,Eimile,McCarthy,emccarthypt@oakley.com,Female
931,Huntington,McCurt,hmccurtpu@github.com,Male
932,Babette,Saintpierre,bsaintpierrepv@timesonline.co.uk,Female
933,Willow,Surguine,wsurguinepw@guardian.co.uk,Female
934,Bartel,Pasby,bpasbypx@tinyurl.com,Male
935,Hilton,Cowl,hcowlpy@sciencedirect.com,Male
936,Taite,Swett,tswettpz@biglobe.ne.jp,Male
937,Paco,Paolillo,ppaolilloq0@reddit.com,Bigender
938,Berty,Frend,bfrendq1@blogger.com,Genderfluid
939,Alexio,Hartshorn,ahartshornq2@zdnet.com,Male
940,Idalia,Valentelli,ivalentelliq3@abc.net.au,Female
941,Silvie,Witchalls,switchallsq4@networkadvertising.org,Female
942,Hamid,Lowles,hlowlesq5@netlog.com,Male
943,Cyndie,Furze,cfurzeq6@gmpg.org,Bigender
944,Charlton,Baird,cbairdq7@yolasite.com,Male
945,Zsa zsa,Sallarie,zsallarieq8@joomla.org,Female
946,Gustaf,Haucke,ghauckeq9@senate.gov,Male
947,Rodger,Melior,rmeliorqa@dion.ne.jp,Genderfluid
948,Alicea,Stainbridge,astainbridgeqb@vimeo.com,Female
949,Odelia,Lowerson,olowersonqc@vk.com,Female
950,Wally,Pettis,wpettisqd@berkeley.edu,Female
951,Ardelle,Dufton,aduftonqe@microsoft.com,Female
952,Baryram,Cradey,bcradeyqf@examiner.com,Male
953,Melinde,Naden,mnadenqg@toplist.cz,Female
954,Mortie,Carhart,mcarhartqh@icio.us,Male
955,Veronike,Zipsell,vzipsellqi@wired.com,Female
956,Emera,Matts,emattsqj@mayoclinic.com,Female
957,Georgy,Duckworth,gduckworthqk@shutterfly.com,Non-binary
958,Arni,Sickamore,asickamoreql@163.com,Male
959,Jermaine,Exon,jexonqm@wikimedia.org,Agender
960,Steven,Harcase,sharcaseqn@cocolog-nifty.com,Bigender
961,Hollis,Bakewell,hbakewellqo@infoseek.co.jp,Male
962,Balduin,Wainscot,bwainscotqp@huffingtonpost.com,Male
963,Worden,Pendergast,wpendergastqq@biblegateway.com,Male
964,Virgina,Shakespeare,vshakespeareqr@paypal.com,Female
965,Burke,Castelletti,bcastellettiqs@webnode.com,Male
966,Jobyna,Arnet,jarnetqt@bloglines.com,Female
967,Lorilee,Clougher,lclougherqu@php.net,Female
968,Decca,Danielsohn,ddanielsohnqv@ask.com,Polygender
969,Floris,Gaffon,fgaffonqw@youtube.com,Female
970,Daniele,Virgo,dvirgoqx@nytimes.com,Female
971,Katrinka,Tumbelty,ktumbeltyqy@networksolutions.com,Female
972,Eberto,Abdy,eabdyqz@gov.uk,Male
973,Neddy,Kingsbury,nkingsburyr0@naver.com,Male
974,Ara,Saberton,asabertonr1@ox.ac.uk,Female
975,Bryan,Selcraig,bselcraigr2@msn.com,Male
976,Dewain,Pluvier,dpluvierr3@gravatar.com,Male
977,Reeta,Peevor,rpeevorr4@google.ca,Female
978,Olympe,Mackness,omacknessr5@google.pl,Female
979,Catina,Semmens,csemmensr6@google.ca,Polygender
980,Lucius,Espinosa,lespinosar7@prweb.com,Male
981,Kriste,Cazin,kcazinr8@edublogs.org,Female
982,Brena,Mughal,bmughalr9@example.com,Female
983,Alvie,Comini,acominira@ebay.co.uk,Male
984,Freida,Wright,fwrightrb@jigsy.com,Female
985,Byrann,Broun,bbrounrc@nps.gov,Male
986,Arlan,Dussy,adussyrd@cornell.edu,Male
987,Sonni,Cardew,scardewre@aboutads.info,Female
988,Hervey,O'Grada,hogradarf@google.it,Male
989,Orsa,Bonhill,obonhillrg@vkontakte.ru,Female
990,Teirtza,Zorn,tzornrh@yolasite.com,Female
991,Dru,Perago,dperagori@discovery.com,Male
992,Rolland,Brabender,rbrabenderrj@histats.com,Male
993,Kariotta,Fyrth,kfyrthrk@epa.gov,Female
994,Cori,Singers,csingersrl@cloudflare.com,Male
995,Nowell,MacAnulty,nmacanultyrm@patch.com,Agender
996,Tomlin,Mullinger,tmullingerrn@mozilla.com,Male
997,Rolph,Venus,rvenusro@4shared.com,Male
998,Jeremiah,Imison,jimisonrp@1688.com,Male
999,Gian,Disman,gdismanrq@google.com.br,Genderqueer
1000,Inger,Gladhill,igladhillrr@theguardian.com,Female
